<?xml version="1.0" encoding="UTF-8"?>
<beans xmlns="http://www.springframework.org/schema/beans" xmlns:xsi="http://www.w3.org/2001/XMLSchema-instance"
	xmlns:mvc="http://www.springframework.org/schema/mvc" 
	xmlns:context="http://www.springframework.org/schema/context" 
	xmlns:tx="http://www.springframework.org/schema/tx"
	xsi:schemaLocation="http://www.springframework.org/schema/mvc http://www.springframework.org/schema/mvc/spring-mvc.xsd
		http://www.springframework.org/schema/beans http://www.springframework.org/schema/beans/spring-beans.xsd
		http://www.springframework.org/schema/tx http://www.springframework.org/schema/tx/spring-tx-3.0.xsd
		http://www.springframework.org/schema/context http://www.springframework.org/schema/context/spring-context.xsd">

    <!-- Uncomment and your base-package here:
         <context:component-scan
            base-package="org.springframework.samples.web"/>  -->

    <mvc:resources mapping="/resources/**" location="/resources/" />
    
    <mvc:annotation-driven />
	<context:component-scan base-package="filrouge, projettuto"/>
    
    <bean   
        class="org.springframework.web.servlet.view.UrlBasedViewResolver">  
        <property name="viewClass" value="org.springframework.web.servlet.view.tiles3.TilesView" />  
    </bean>
    
    <bean id="tilesConfigurer"  
        class="org.springframework.web.servlet.view.tiles3.TilesConfigurer">  
        <property name="definitions">  
            <list>  
                <value>/WEB-INF/tiles.xml</value>  
            </list>  
        </property>  
    </bean>
    
	<bean class="org.springframework.web.servlet.view.InternalResourceViewResolver">
	        <!-- Example: a logical view name of 'showMessage' is mapped to '/WEB-INF/jsp/showMessage.jsp' -->
	        <property name="prefix" value="/view/"/>
	        <property name="suffix" value=".jsp"/>
	</bean>
	
	<tx:annotation-driven transaction-manager="transactionManager" />
	
 	<bean id="dataSource" class="org.springframework.jndi.JndiObjectFactoryBean">
 		<property name="jndiName" value="java:comp/env/jdbc/dsMonProjetTuto" />
 	</bean>

 	<bean id="entityManagerFactory" class="org.springframework.orm.jpa.LocalContainerEntityManagerFactoryBean">
 		<property name="dataSource" ref="dataSource" />
 	</bean>
 	<bean id="transactionManager" class="org.springframework.orm.jpa.JpaTransactionManager">
 		<property name="entityManagerFactory" ref="entityManagerFactory" />
 	</bean>

</beans>
