<?xml version="1.0" encoding="ISO-8859-1" ?>
<!DOCTYPE tiles-definitions PUBLIC "-//Apache Software Foundation//DTD Tiles Configuration 3.0//EN"
"http://tiles.apache.org/dtds/tiles-config_3_0.dtd">

<tiles-definitions>

	<definition name="listeClients" template="/view/page.jsp">
		<put-attribute name="principal" value="/view/listeClients.jsp" />
	</definition>

	<definition name="listeCourses" template="/view/page.jsp">
		<put-attribute name="principal" value="/view/listeCourses.jsp" />
	</definition>
	
	<definition name="creation" template="/view/page.jsp">
		<put-attribute name="principal" value="/view/creation.jsp" />
	</definition>
	
	<definition name="suppression" template="/view/page.jsp">
		<put-attribute name="principal" value="/view/suppression.jsp" />
	</definition>
	
	<definition name="modification" template="/view/page.jsp">
		<put-attribute name="principal" value="/view/modification.jsp" />
	</definition>
	
</tiles-definitions>
